City_ID,City,Country,Lat,Lng,Max Temp,Humidity,Cloudiness,Wind Speed,Weather Description,Date
0,Verkhozim,RU,52.71,45.42,44.01,99,100,9.73,overcast clouds,2020-11-01 14:33:12
1,Presidencia Roque Saenz Pena,AR,-26.79,-60.44,81.0,30,0,4.0,clear sky,2020-11-01 14:33:12
2,Kapaa,US,22.08,-159.32,69.8,94,1,6.93,clear sky,2020-11-01 14:33:12
3,Bani Walid,LY,31.76,13.99,73.17,38,54,8.34,broken clouds,2020-11-01 14:33:12
4,Jamestown,US,42.1,-79.24,46.99,75,90,12.75,light rain,2020-11-01 14:30:34
5,Broome,US,42.25,-75.83,46.0,31,100,5.01,overcast clouds,2020-11-01 14:32:05
6,Torbay,CA,47.67,-52.73,39.0,55,20,17.22,few clouds,2020-11-01 14:29:59
7,New Norfolk,AU,-42.78,147.06,54.0,73,99,0.81,overcast clouds,2020-11-01 14:33:13
8,Dehloran,IR,32.69,47.27,68.77,23,99,0.83,overcast clouds,2020-11-01 14:33:13
9,Castro,BR,-24.79,-50.01,65.93,61,78,8.21,broken clouds,2020-11-01 14:33:13
10,Vostok,RU,46.49,135.88,33.17,98,97,3.87,overcast clouds,2020-11-01 14:33:13
11,Ushuaia,AR,-54.8,-68.3,48.2,70,40,7.34,scattered clouds,2020-11-01 14:32:06
12,Bluff,NZ,-46.6,168.33,50.0,67,58,8.01,broken clouds,2020-11-01 14:33:13
13,Calbuco,CL,-41.77,-73.13,60.8,72,0,4.7,clear sky,2020-11-01 14:33:13
14,Mount Gambier,AU,-37.83,140.77,50.0,93,95,5.82,overcast clouds,2020-11-01 14:33:13
15,Rikitea,PF,-23.12,-134.97,74.71,82,40,10.27,scattered clouds,2020-11-01 14:33:13
16,Albany,US,42.6,-73.97,44.01,75,98,1.99,overcast clouds,2020-11-01 14:30:33
17,Puerto Ayora,EC,-0.74,-90.35,70.0,91,100,7.0,overcast clouds,2020-11-01 14:33:13
18,Luohe,CN,33.57,114.04,59.54,33,90,5.53,overcast clouds,2020-11-01 14:33:13
19,Coihaique,CL,-45.58,-72.07,57.2,54,0,3.36,clear sky,2020-11-01 14:33:14
20,Bredasdorp,ZA,-34.53,20.04,71.6,60,0,21.92,clear sky,2020-11-01 14:33:14
21,Hithadhoo,MV,-0.6,73.08,83.26,76,100,13.02,light rain,2020-11-01 14:31:42
22,Port Alfred,ZA,-33.59,26.89,67.59,75,66,23.96,broken clouds,2020-11-01 14:33:14
23,Touros,BR,-5.2,-35.46,84.2,66,75,14.99,broken clouds,2020-11-01 14:30:55
24,Mahebourg,MU,-20.41,57.7,73.4,56,40,12.75,scattered clouds,2020-11-01 14:33:14
25,Atuona,PF,-9.8,-139.03,77.85,79,27,15.86,scattered clouds,2020-11-01 14:33:14
26,Chuy,UY,-33.7,-53.46,67.86,46,0,4.9,clear sky,2020-11-01 14:33:14
27,Dwarka,IN,22.24,68.97,83.05,50,45,12.12,scattered clouds,2020-11-01 14:33:14
28,Fortuna,US,40.6,-124.16,44.6,100,1,6.93,clear sky,2020-11-01 14:33:14
29,Yahotyn,UA,50.28,31.76,46.4,93,90,8.95,light rain,2020-11-01 14:33:14
30,Victoria,HK,22.29,114.16,75.99,70,2,10.04,light rain,2020-11-01 14:32:14
31,Kaberamaido,UG,1.74,33.16,76.95,70,99,2.53,overcast clouds,2020-11-01 14:33:14
32,Vaini,TO,-21.2,-175.2,73.4,88,75,8.05,broken clouds,2020-11-01 14:33:14
33,Chokurdakh,RU,70.63,147.92,-0.31,94,100,9.44,overcast clouds,2020-11-01 14:30:07
34,East London,ZA,-33.02,27.91,68.0,68,40,14.99,scattered clouds,2020-11-01 14:33:14
35,Sitka,US,57.05,-135.33,46.4,87,90,3.36,light rain,2020-11-01 14:33:14
36,Busselton,AU,-33.65,115.33,54.0,92,97,5.93,overcast clouds,2020-11-01 14:31:45
37,Iranshahr,IR,27.2,60.68,80.6,5,0,4.7,clear sky,2020-11-01 14:33:14
38,Grand Forks,US,47.94,-97.43,17.6,92,1,5.82,clear sky,2020-11-01 14:33:15
39,Petropavlovsk-Kamchatskiy,RU,53.05,158.65,30.2,86,75,4.47,broken clouds,2020-11-01 14:32:09
40,Tuatapere,NZ,-46.13,167.68,50.0,67,59,8.01,broken clouds,2020-11-01 14:30:58
41,Norman Wells,CA,65.28,-126.83,5.0,77,75,16.11,light snow,2020-11-01 14:33:15
42,Mar Del Plata,AR,-38.0,-57.56,71.6,43,0,9.17,clear sky,2020-11-01 14:31:20
43,Port Moresby,PG,-9.44,147.18,80.6,83,75,5.82,haze,2020-11-01 14:33:15
44,Vardo,NO,70.37,31.11,37.4,86,75,17.22,broken clouds,2020-11-01 14:33:15
45,Severo-Kurilsk,RU,50.68,156.12,40.82,78,2,5.37,clear sky,2020-11-01 14:33:15
46,Sao Filipe,CV,14.9,-24.5,80.64,68,0,8.05,clear sky,2020-11-01 14:33:15
47,Dikson,RU,73.51,80.55,23.25,99,98,4.76,overcast clouds,2020-11-01 14:33:15
48,Hobart,AU,-42.88,147.33,57.2,76,90,4.7,overcast clouds,2020-11-01 14:32:46
49,La Libertad,EC,-2.23,-80.9,73.4,83,97,6.93,light intensity drizzle,2020-11-01 14:33:15
50,Ucluelet,CA,48.93,-125.55,39.99,98,28,4.7,scattered clouds,2020-11-01 14:33:15
51,Doha,QA,25.29,51.53,86.0,51,0,9.17,clear sky,2020-11-01 14:33:11
52,Upernavik,GL,72.79,-56.15,17.53,94,100,2.93,overcast clouds,2020-11-01 14:30:14
53,Santarem,BR,-2.44,-54.71,89.6,62,20,12.75,few clouds,2020-11-01 14:33:16
54,Sur,OM,22.57,59.53,72.12,47,0,2.46,clear sky,2020-11-01 14:33:16
55,Bambanglipuro,ID,-7.95,110.28,77.95,85,99,2.75,overcast clouds,2020-11-01 14:33:16
56,Nanortalik,GL,60.14,-45.24,31.5,89,86,25.79,overcast clouds,2020-11-01 14:33:16
57,Punta Arenas,CL,-53.15,-70.92,50.0,81,75,6.93,broken clouds,2020-11-01 14:29:03
58,Kaitangata,NZ,-46.28,169.85,48.0,61,94,11.01,overcast clouds,2020-11-01 14:33:16
59,Thinadhoo,MV,0.53,72.93,83.84,73,67,11.88,broken clouds,2020-11-01 14:33:16
60,Nioro,GM,13.35,-15.75,98.71,20,7,5.26,clear sky,2020-11-01 14:33:16
61,Cabo San Lucas,MX,22.89,-109.91,71.6,83,40,8.05,scattered clouds,2020-11-01 14:29:06
62,Hofn,IS,64.25,-15.21,44.6,52,20,17.22,few clouds,2020-11-01 14:33:16
63,Yellowknife,CA,62.46,-114.35,16.0,92,90,8.05,light snow,2020-11-01 14:30:05
64,Sabzevar,IR,36.21,57.68,68.0,35,0,9.17,clear sky,2020-11-01 14:33:16
65,Amapa,BR,1.0,-52.0,97.7,30,12,5.61,few clouds,2020-11-01 14:31:46
66,Oistins,BB,13.07,-59.53,86.0,79,40,20.8,scattered clouds,2020-11-01 14:31:55
67,Bossangoa,CF,6.49,17.46,87.04,62,33,3.18,scattered clouds,2020-11-01 14:33:16
68,Butembo,CD,0.15,29.28,66.58,88,68,2.26,light rain,2020-11-01 14:32:22
69,Vila Franca Do Campo,PT,37.72,-25.43,69.8,94,75,16.11,broken clouds,2020-11-01 14:30:42
70,Adrar,MR,20.5,-10.07,89.65,12,98,12.66,overcast clouds,2020-11-01 14:33:17
71,Shitanjing,CN,39.23,106.34,37.09,65,0,9.53,clear sky,2020-11-01 14:33:17
72,Los Llanos De Aridane,ES,28.66,-17.92,86.0,30,0,6.93,clear sky,2020-11-01 14:33:17
73,Bethel,US,41.37,-73.41,48.99,70,90,5.82,overcast clouds,2020-11-01 14:33:17
74,Kenai,US,60.55,-151.26,24.01,78,1,3.36,clear sky,2020-11-01 14:33:17
75,Kholodnyy,RU,62.72,147.95,0.68,90,100,1.7,overcast clouds,2020-11-01 14:33:17
76,Rocha,UY,-34.48,-54.33,67.59,43,0,7.09,clear sky,2020-11-01 14:33:17
77,Ostrovnoy,RU,68.05,39.51,35.02,88,82,15.57,broken clouds,2020-11-01 14:33:17
78,Moron,AR,-34.65,-58.62,73.99,52,0,5.82,clear sky,2020-11-01 14:33:17
79,Maturin,VE,9.75,-63.18,84.36,77,90,5.95,light rain,2020-11-01 14:33:17
80,Cape Town,ZA,-33.93,18.42,77.0,50,0,14.99,clear sky,2020-11-01 14:29:11
81,Hermanus,ZA,-34.42,19.23,75.99,55,0,8.99,clear sky,2020-11-01 14:33:17
82,Swan Hill,AU,-35.34,143.55,56.75,65,0,5.88,clear sky,2020-11-01 14:33:17
83,Zima,RU,53.92,102.04,17.26,86,0,5.66,clear sky,2020-11-01 14:31:46
84,Port Hedland,AU,-20.32,118.57,77.0,73,38,13.87,scattered clouds,2020-11-01 14:33:17
85,Olenegorsk,RU,68.15,33.3,36.1,93,100,9.4,overcast clouds,2020-11-01 14:33:18
86,Bonavista,CA,48.65,-53.11,37.0,55,9,9.17,clear sky,2020-11-01 14:33:18
87,Nguru,NG,12.88,10.45,94.86,14,100,8.41,overcast clouds,2020-11-01 14:33:18
88,Pisco,PE,-13.7,-76.22,62.6,93,90,4.7,light intensity drizzle,2020-11-01 14:33:18
89,La Ronge,CA,55.1,-105.28,26.6,86,100,5.82,overcast clouds,2020-11-01 14:32:22
90,Saskylakh,RU,71.92,114.08,-11.85,87,64,9.55,broken clouds,2020-11-01 14:33:18
91,Natal,BR,-5.79,-35.21,84.2,70,75,13.87,broken clouds,2020-11-01 14:30:34
92,Avarua,CK,-21.21,-159.78,75.2,83,91,10.29,overcast clouds,2020-11-01 14:33:18
93,Tougan,BF,13.07,-3.07,99.32,9,35,10.74,scattered clouds,2020-11-01 14:33:18
94,Cabo Rojo,PR,18.09,-67.15,88.0,62,100,4.0,overcast clouds,2020-11-01 14:33:18
95,Hualmay,PE,-11.1,-77.61,67.3,66,40,10.0,scattered clouds,2020-11-01 14:33:18
96,Sangin,AF,32.07,64.84,52.74,33,0,3.94,clear sky,2020-11-01 14:33:18
97,Beringovskiy,RU,63.05,179.32,22.46,97,100,6.73,overcast clouds,2020-11-01 14:33:18
98,Egvekinot,RU,66.32,-179.17,10.53,86,0,2.08,clear sky,2020-11-01 14:33:19
99,Santa Maria,BR,-29.68,-53.81,72.09,53,17,8.12,few clouds,2020-11-01 14:30:56
100,North Bend,US,43.41,-124.22,50.0,100,1,6.93,clear sky,2020-11-01 14:33:19
101,Edd,ER,13.93,41.69,90.14,40,3,22.73,clear sky,2020-11-01 14:33:19
102,Hasaki,JP,35.73,140.83,57.2,100,75,5.82,broken clouds,2020-11-01 14:33:19
103,Port Elizabeth,ZA,-33.92,25.57,69.8,68,0,25.28,clear sky,2020-11-01 14:33:19
104,Kloulklubed,PW,7.04,134.26,75.2,100,90,4.7,overcast clouds,2020-11-01 14:33:19
105,La Rioja,ES,42.25,-2.5,75.99,49,100,5.82,overcast clouds,2020-11-01 14:33:19
106,Eregli,TR,37.51,34.05,55.87,50,99,6.69,overcast clouds,2020-11-01 14:33:19
107,Noumea,NC,-22.28,166.46,77.0,61,75,8.05,broken clouds,2020-11-01 14:31:04
108,Luderitz,NA,-26.65,15.16,75.25,36,0,21.92,clear sky,2020-11-01 14:33:19
109,Ribeira Grande,PT,38.52,-28.7,69.8,88,75,24.16,broken clouds,2020-11-01 14:33:19
110,Pinheiro Machado,BR,-31.58,-53.38,66.99,66,0,10.0,clear sky,2020-11-01 14:33:19
111,Cherskiy,RU,68.75,161.3,8.29,95,100,6.76,overcast clouds,2020-11-01 14:33:06
112,Lagoa,PT,39.05,-27.98,66.92,85,80,21.25,light rain,2020-11-01 14:33:19
113,Matamoros,MX,25.53,-103.25,67.77,33,0,4.07,clear sky,2020-11-01 14:33:20
114,Hervey Bay,AU,-25.3,152.85,75.0,86,85,1.01,overcast clouds,2020-11-01 14:33:20
115,Begun,IN,24.98,75.0,69.96,23,0,0.72,clear sky,2020-11-01 14:33:20
116,Port Hardy,CA,50.7,-127.42,50.0,87,75,8.05,broken clouds,2020-11-01 14:33:20
117,Champerico,GT,14.3,-91.92,77.0,88,75,1.23,broken clouds,2020-11-01 14:33:20
118,Burnie,AU,-41.07,145.92,48.99,87,100,1.99,overcast clouds,2020-11-01 14:29:56
119,Aksarka,RU,66.56,67.8,27.54,96,5,14.14,clear sky,2020-11-01 14:33:07
120,Anopino,RU,55.7,40.67,40.57,89,100,10.07,light rain,2020-11-01 14:33:20
121,Atig,RU,56.69,59.42,25.34,97,1,1.97,clear sky,2020-11-01 14:33:20
122,Airai,TL,-8.93,125.41,61.86,100,73,2.21,broken clouds,2020-11-01 14:33:20
123,Khatanga,RU,71.97,102.5,-2.11,90,96,5.77,overcast clouds,2020-11-01 14:33:20
124,Ahipara,NZ,-35.17,173.17,58.86,92,63,4.72,broken clouds,2020-11-01 14:30:06
125,Alingsas,SE,57.93,12.53,51.01,87,75,12.75,broken clouds,2020-11-01 14:33:20
126,Alice Springs,AU,-23.7,133.88,77.0,20,0,8.05,clear sky,2020-11-01 14:30:42
127,Plettenberg Bay,ZA,-34.05,23.37,68.05,73,0,18.72,clear sky,2020-11-01 14:33:20
128,Tobol,KZ,52.68,62.58,36.37,95,92,8.97,overcast clouds,2020-11-01 14:33:20
129,Emerald,AU,-23.53,148.17,70.0,49,0,5.82,light rain,2020-11-01 14:33:21
130,Axim,GH,4.87,-2.24,82.56,78,98,8.7,light rain,2020-11-01 14:33:21
131,Praia,CV,14.92,-23.51,86.0,51,20,18.34,few clouds,2020-11-01 14:33:21
132,Marang,MY,5.21,103.21,84.2,79,20,6.93,few clouds,2020-11-01 14:33:21
133,Cayenne,GF,4.93,-52.33,87.8,66,40,10.29,light rain,2020-11-01 14:33:21
134,Conceicao Do Araguaia,BR,-8.26,-49.26,93.27,54,99,0.58,light rain,2020-11-01 14:33:21
135,Chakradharpur,IN,22.7,85.63,74.86,69,0,3.94,clear sky,2020-11-01 14:33:21
136,Zambezi,ZM,-13.54,23.1,92.8,17,72,4.56,broken clouds,2020-11-01 14:33:21
137,Khash,IR,28.22,61.22,51.1,23,0,6.91,clear sky,2020-11-01 14:33:21
138,Nkayi,CG,-4.18,13.29,82.44,76,99,5.12,moderate rain,2020-11-01 14:33:21
139,Geraldton,AU,-28.77,114.6,57.2,93,90,11.41,overcast clouds,2020-11-01 14:33:21
140,Nikolskoye,RU,59.7,30.79,36.0,93,90,11.18,fog,2020-11-01 14:33:21
141,Dingle,PH,11.0,122.67,75.54,88,100,6.29,overcast clouds,2020-11-01 14:33:21
142,Donegal,IE,54.65,-8.12,51.8,71,75,34.45,heavy intensity rain,2020-11-01 14:33:21
143,Srostki,RU,52.42,85.7,30.63,95,21,3.76,few clouds,2020-11-01 14:33:22
144,Digoin,FR,46.48,3.98,66.99,59,0,2.24,clear sky,2020-11-01 14:33:22
145,Shimoda,JP,34.67,138.95,54.0,92,100,2.1,overcast clouds,2020-11-01 14:33:22
146,San Patricio,US,28.02,-97.52,63.0,82,20,3.36,few clouds,2020-11-01 14:33:22
147,Shiyan,CN,32.65,110.78,55.99,62,78,4.52,light rain,2020-11-01 14:33:22
148,Longyearbyen,SJ,78.22,15.64,30.2,63,20,17.22,few clouds,2020-11-01 14:28:47
149,Tuktoyaktuk,CA,69.45,-133.04,6.8,84,90,2.24,overcast clouds,2020-11-01 14:29:50
150,Naze,JP,28.37,129.48,77.0,78,75,11.41,broken clouds,2020-11-01 14:33:22
151,Mayo,US,38.89,-76.51,57.99,76,90,12.75,light rain,2020-11-01 14:30:25
152,Arraial Do Cabo,BR,-22.97,-42.03,75.2,64,75,8.05,broken clouds,2020-11-01 14:33:22
153,Kaoma,ZM,-14.78,24.8,92.95,13,87,5.88,overcast clouds,2020-11-01 14:33:22
154,Leningradskiy,RU,69.38,178.42,13.24,82,59,6.26,broken clouds,2020-11-01 14:33:23
155,Vanimo,PG,-2.67,141.3,79.47,83,67,5.23,light rain,2020-11-01 14:33:23
156,Araouane,ML,18.9,-3.53,95.27,10,72,10.2,broken clouds,2020-11-01 14:33:23
157,Coquimbo,CL,-29.95,-71.34,55.4,82,90,4.7,overcast clouds,2020-11-01 14:29:54
158,Codrington,AU,-38.27,141.97,48.79,94,72,7.61,broken clouds,2020-11-01 14:33:23
159,Teya,RU,60.38,92.63,31.35,96,100,12.53,overcast clouds,2020-11-01 14:33:23
160,Hamilton,US,39.18,-84.53,53.01,43,40,21.92,scattered clouds,2020-11-01 14:33:23
161,Khandyga,RU,62.67,135.6,-10.73,87,2,1.54,clear sky,2020-11-01 14:33:23
162,Aklavik,CA,68.22,-135.01,3.2,84,100,2.24,overcast clouds,2020-11-01 14:33:23
163,Mataura,NZ,-46.19,168.86,50.0,67,91,8.01,overcast clouds,2020-11-01 14:33:23
164,Ilulissat,GL,69.22,-51.1,19.4,62,100,14.99,overcast clouds,2020-11-01 14:33:23
165,Harper,LR,4.38,-7.72,81.5,78,51,8.61,light rain,2020-11-01 14:30:25
166,Melnikovo,RU,56.56,84.08,35.01,84,100,13.96,overcast clouds,2020-11-01 14:33:23
167,Ous,RU,60.91,61.52,26.46,97,0,4.81,clear sky,2020-11-01 14:33:24
168,Flin Flon,CA,54.77,-101.86,21.2,85,75,19.46,broken clouds,2020-11-01 14:30:04
169,Baracoa,CU,20.35,-74.5,82.83,76,100,14.03,light rain,2020-11-01 14:33:24
170,Hilo,US,19.73,-155.09,71.6,73,90,5.82,overcast clouds,2020-11-01 14:32:03
171,Klyuchi,RU,52.27,79.17,36.14,83,0,8.68,clear sky,2020-11-01 14:33:24
172,Sinnamary,GF,5.38,-52.95,85.69,67,100,10.11,overcast clouds,2020-11-01 14:33:24
173,Bathsheba,BB,13.22,-59.52,86.0,79,40,20.8,light rain,2020-11-01 14:33:24
174,Nizwa,OM,22.93,57.53,72.0,21,0,2.91,clear sky,2020-11-01 14:33:24
175,Great Yarmouth,GB,52.61,1.73,63.0,90,86,8.01,overcast clouds,2020-11-01 14:33:24
176,Tecpan,GT,14.76,-90.99,71.01,82,75,18.34,broken clouds,2020-11-01 14:32:11
177,Denizli,TR,37.84,29.07,59.0,47,40,6.93,scattered clouds,2020-11-01 14:33:24
178,Sobolevo,RU,54.43,31.9,42.39,85,100,12.84,light rain,2020-11-01 14:33:24
179,Pangai,TO,-19.8,-174.35,75.88,84,100,21.12,overcast clouds,2020-11-01 14:33:24
180,Kodiak,US,57.79,-152.41,28.4,50,1,6.93,clear sky,2020-11-01 14:33:24
181,College,US,64.86,-147.8,1.99,76,40,1.88,scattered clouds,2020-11-01 14:33:25
182,Dunmore Town,BS,25.5,-76.65,81.73,78,0,12.26,clear sky,2020-11-01 14:33:25
183,Dehui,CN,44.53,125.7,35.6,47,0,6.71,clear sky,2020-11-01 14:33:25
184,Butaritari,KI,3.07,172.79,81.99,75,53,10.07,broken clouds,2020-11-01 14:33:25
185,Necochea,AR,-38.55,-58.74,69.04,44,0,1.41,clear sky,2020-11-01 14:32:56
186,Namibe,AO,-15.2,12.15,80.6,61,20,14.99,few clouds,2020-11-01 14:33:25
187,Asyut,EG,27.18,31.18,84.2,45,40,18.34,scattered clouds,2020-11-01 14:33:25
188,Tahta,EG,26.77,31.5,86.0,40,40,10.29,scattered clouds,2020-11-01 14:33:25
189,Alofi,NU,-19.06,-169.92,75.2,94,44,9.17,light rain,2020-11-01 14:33:25
190,Kirkwall,GB,58.98,-2.96,50.0,71,40,29.97,scattered clouds,2020-11-01 14:33:25
191,Atar,MR,20.52,-13.05,94.8,10,99,12.86,overcast clouds,2020-11-01 14:33:25
192,Souris,CA,49.62,-100.26,14.0,85,75,5.82,broken clouds,2020-11-01 14:31:54
193,Koshurnikovo,RU,54.17,93.3,26.64,99,99,2.46,overcast clouds,2020-11-01 14:33:25
194,Binga,ZW,-17.62,27.34,89.31,30,0,11.74,clear sky,2020-11-01 14:33:25
195,Pontes E Lacerda,BR,-15.23,-59.34,89.49,37,53,7.45,broken clouds,2020-11-01 14:33:25
196,Tasiilaq,GL,65.61,-37.64,32.0,96,100,5.26,overcast clouds,2020-11-01 14:30:00
197,Berlevag,NO,70.86,29.09,41.16,82,91,17.83,overcast clouds,2020-11-01 14:33:26
198,Pevek,RU,69.7,170.31,14.27,89,96,15.23,overcast clouds,2020-11-01 14:30:11
199,Bud,US,39.45,-86.18,45.0,52,1,12.75,clear sky,2020-11-01 14:32:17
200,Wakkanai,JP,45.41,141.67,54.01,83,100,22.32,overcast clouds,2020-11-01 14:33:26
201,Martapura,ID,-3.42,114.85,76.64,87,65,1.95,broken clouds,2020-11-01 14:33:26
202,Clyde River,CA,70.47,-68.59,14.0,85,90,14.99,overcast clouds,2020-11-01 14:33:26
203,Homer,US,59.64,-151.55,26.01,44,1,8.05,clear sky,2020-11-01 14:33:26
204,Provideniya,RU,64.38,-173.3,21.97,86,0,2.42,clear sky,2020-11-01 14:33:26
205,Maragogi,BR,-9.01,-35.22,83.66,68,99,13.89,overcast clouds,2020-11-01 14:33:26
206,Zabol,AF,32.25,67.25,46.63,36,0,9.55,clear sky,2020-11-01 14:33:26
207,Constitucion,CL,-35.33,-72.42,61.74,67,61,5.93,broken clouds,2020-11-01 14:30:53
208,Seryshevo,RU,51.09,128.38,30.16,99,100,8.14,overcast clouds,2020-11-01 14:33:26
209,Santa Isabel Do Rio Negro,BR,-0.41,-65.02,75.06,91,100,2.73,light rain,2020-11-01 14:33:26
210,Peyima,SL,8.7,-11.03,90.27,37,0,4.41,clear sky,2020-11-01 14:33:26
211,Kabalo,CD,-6.05,26.92,83.82,66,97,1.32,overcast clouds,2020-11-01 14:33:27
212,Tiksi,RU,71.69,128.87,-6.86,90,1,7.11,clear sky,2020-11-01 14:33:27
213,Lorengau,PG,-2.02,147.27,82.87,76,14,7.9,few clouds,2020-11-01 14:33:27
214,Lasa,IT,46.62,10.7,57.0,50,75,5.82,broken clouds,2020-11-01 14:30:24
215,Faanui,PF,-16.48,-151.75,79.03,79,59,20.07,broken clouds,2020-11-01 14:33:27
216,Victor Harbor,AU,-35.57,138.62,64.0,84,10,5.48,clear sky,2020-11-01 14:33:27
217,Krasnoselkup,RU,65.7,82.47,23.94,98,96,10.92,overcast clouds,2020-11-01 14:33:27
218,Avera,US,33.19,-82.53,55.99,85,90,8.05,mist,2020-11-01 14:33:27
219,Ponta Delgada,PT,37.73,-25.67,69.8,94,75,16.11,broken clouds,2020-11-01 14:33:27
220,Dagana,MR,16.52,-15.51,101.73,8,53,12.75,broken clouds,2020-11-01 14:33:27
221,Georgetown,MY,5.41,100.34,84.2,79,20,2.24,few clouds,2020-11-01 14:29:27
222,Isiolo,KE,0.35,37.58,78.28,45,31,15.93,scattered clouds,2020-11-01 14:33:27
223,Kruisfontein,ZA,-34.0,24.73,75.99,54,22,5.99,few clouds,2020-11-01 14:30:14
224,Bhimunipatnam,IN,17.88,83.43,80.6,83,44,2.24,mist,2020-11-01 14:33:27
225,Nelson Bay,AU,-32.72,152.15,66.0,77,90,17.22,overcast clouds,2020-11-01 14:33:27
226,Asfi,MA,32.3,-9.24,73.18,59,0,19.33,clear sky,2020-11-01 14:33:28
227,Derzhavinsk,KZ,51.1,66.32,38.57,72,57,6.55,broken clouds,2020-11-01 14:33:28
228,Requena,ES,39.49,-1.1,80.01,47,0,11.41,clear sky,2020-11-01 14:33:28
229,Atocha,BO,-20.93,-66.23,54.01,35,1,6.04,clear sky,2020-11-01 14:33:28
230,Oktyabrskiy,RU,54.48,53.47,38.55,79,67,8.95,broken clouds,2020-11-01 14:33:28
231,Thompson,CA,55.74,-97.86,6.8,92,75,3.36,broken clouds,2020-11-01 14:29:57
232,Camaqua,BR,-30.85,-51.81,67.82,64,79,7.07,broken clouds,2020-11-01 14:33:28
233,Kahului,US,20.89,-156.47,71.6,78,1,2.89,clear sky,2020-11-01 14:33:28
234,Tianpeng,CN,30.99,103.94,64.99,1,59,4.92,broken clouds,2020-11-01 14:33:28
235,Dombarovskiy,RU,50.76,59.54,45.57,55,6,7.56,clear sky,2020-11-01 14:33:28
236,Souillac,MU,-20.52,57.52,73.4,56,40,12.75,scattered clouds,2020-11-01 14:33:28
237,Boa Vista,BR,2.82,-60.67,87.8,62,75,8.05,light rain,2020-11-01 14:31:12
238,Narsaq,GL,60.92,-46.05,24.03,90,66,2.26,broken clouds,2020-11-01 14:33:28
239,Iwanai,JP,42.97,140.51,53.22,89,100,6.62,moderate rain,2020-11-01 14:33:28
240,Ajdabiya,LY,30.76,20.23,73.67,55,86,13.62,overcast clouds,2020-11-01 14:33:28
241,Saldanha,ZA,-33.01,17.94,86.0,15,0,12.75,clear sky,2020-11-01 14:29:59
242,San Policarpo,PH,12.18,125.51,79.23,87,76,4.61,broken clouds,2020-11-01 14:33:29
243,Tres Arroyos,AR,-38.37,-60.28,72.81,32,47,7.54,scattered clouds,2020-11-01 14:33:29
244,Pelym,RU,61.01,62.0,27.37,97,0,5.86,clear sky,2020-11-01 14:33:29
245,Sola,VU,-13.88,167.55,80.4,82,24,19.75,few clouds,2020-11-01 14:33:29
246,Mercedes,AR,-34.65,-59.43,73.0,47,3,7.0,clear sky,2020-11-01 14:33:29
247,Bitung,ID,1.45,125.18,75.2,83,20,1.12,few clouds,2020-11-01 14:33:29
248,Flinders,AU,-34.58,150.86,61.0,79,27,1.99,scattered clouds,2020-11-01 14:33:29
249,Barra Do Garcas,BR,-15.89,-52.26,82.4,61,75,11.41,broken clouds,2020-11-01 14:33:29
250,Bambous Virieux,MU,-20.34,57.76,73.4,56,40,12.75,scattered clouds,2020-11-01 14:33:29
251,Huercal-Overa,ES,37.39,-1.95,76.78,32,0,6.53,clear sky,2020-11-01 14:33:29
252,Lompoc,US,34.64,-120.46,55.4,54,1,3.6,clear sky,2020-11-01 14:29:54
253,Nakusp,CA,50.25,-117.8,33.8,81,9,2.24,clear sky,2020-11-01 14:33:29
254,Bijar,IR,35.87,47.61,54.68,34,76,8.21,broken clouds,2020-11-01 14:33:29
255,Makakilo City,US,21.35,-158.09,71.6,88,1,4.7,clear sky,2020-11-01 14:33:30
256,Honiara,SB,-9.43,159.95,75.2,100,20,3.36,few clouds,2020-11-01 14:33:30
257,Alanya,TR,36.54,32.0,75.2,64,40,5.82,scattered clouds,2020-11-01 14:33:30
258,Deputatskiy,RU,69.3,139.9,-13.52,89,100,6.26,overcast clouds,2020-11-01 14:33:30
259,Haines Junction,CA,60.75,-137.51,10.4,66,100,4.7,overcast clouds,2020-11-01 14:33:30
260,Maldonado,UY,-34.67,-54.92,66.2,55,0,9.17,clear sky,2020-11-01 14:33:30
261,Tessalit,ML,20.2,1.01,92.25,11,86,10.92,overcast clouds,2020-11-01 14:33:30
262,Kitimat,CA,54.05,-128.65,48.0,95,100,6.64,moderate rain,2020-11-01 14:30:04
263,Samana,DO,19.21,-69.34,82.4,83,40,10.11,scattered clouds,2020-11-01 14:33:30
264,Kavieng,PG,-2.57,150.8,83.57,76,88,8.5,light rain,2020-11-01 14:29:56
265,Dong Xoai,VN,11.53,106.92,74.91,94,83,2.28,broken clouds,2020-11-01 14:33:30
266,Tahlequah,US,35.92,-94.97,42.8,100,1,3.36,clear sky,2020-11-01 14:33:30
267,Barrow,US,71.29,-156.79,28.4,79,90,26.4,light snow,2020-11-01 14:31:47
268,Grand Gaube,MU,-20.01,57.66,73.0,55,18,7.0,few clouds,2020-11-01 14:30:18
269,Tabas,IR,33.6,56.92,73.4,16,0,1.72,clear sky,2020-11-01 14:33:30
270,Kerema,PG,-7.96,145.78,80.47,87,95,5.99,light rain,2020-11-01 14:33:31
271,Talara,PE,-4.58,-81.27,69.8,68,0,19.46,clear sky,2020-11-01 14:33:31
272,Leeton,AU,-34.57,146.4,57.2,87,0,3.36,clear sky,2020-11-01 14:33:31
273,Bonthe,SL,7.53,-12.51,85.41,66,52,8.37,light rain,2020-11-01 14:33:31
274,Annau,TM,37.89,58.52,71.6,28,0,4.7,clear sky,2020-11-01 14:33:31
275,Taoudenni,ML,22.68,-3.98,95.52,10,43,3.06,scattered clouds,2020-11-01 14:33:31
276,Bermeo,ES,43.42,-2.72,77.0,50,0,4.7,clear sky,2020-11-01 14:33:31
277,Mokhotlong,LS,-29.29,29.07,43.32,83,100,1.9,moderate rain,2020-11-01 14:33:31
278,Shenjiamen,CN,29.96,122.3,65.75,78,96,10.56,overcast clouds,2020-11-01 14:33:31
279,Fukue,JP,32.69,128.84,69.08,69,57,4.12,broken clouds,2020-11-01 14:33:31
280,Walvis Bay,NA,-22.96,14.51,66.2,59,0,8.05,clear sky,2020-11-01 14:30:50
281,Viedma,AR,-40.81,-63.0,81.0,27,0,5.01,clear sky,2020-11-01 14:33:31
282,Monrovia,LR,6.3,-10.8,83.34,74,30,8.77,light rain,2020-11-01 14:33:31
283,Kununurra,AU,-15.77,128.73,80.6,65,86,5.82,overcast clouds,2020-11-01 14:33:31
284,Xiongyue,CN,40.18,122.12,45.48,50,0,8.88,clear sky,2020-11-01 14:33:31
285,Malkara,TR,40.89,26.9,52.83,49,0,4.34,clear sky,2020-11-01 14:33:31
286,Ponta Do Sol,PT,32.67,-17.1,75.99,78,20,6.93,few clouds,2020-11-01 14:30:04
287,Ler,SS,8.3,30.14,82.87,66,47,3.06,scattered clouds,2020-11-01 14:33:32
288,Abu Kamal,SY,34.45,40.92,79.02,16,61,13.49,broken clouds,2020-11-01 14:33:32
289,Katsuura,JP,35.13,140.3,62.6,59,75,5.82,light rain,2020-11-01 14:33:32
290,Chapayevka,UA,47.47,36.35,54.63,87,100,16.46,moderate rain,2020-11-01 14:33:32
291,Voh,NC,-20.97,164.7,72.52,82,4,6.4,clear sky,2020-11-01 14:33:32
292,Rokupr,SL,8.67,-12.39,91.22,52,1,2.24,clear sky,2020-11-01 14:33:32
293,Charters Towers,AU,-20.1,146.27,73.78,73,68,6.96,broken clouds,2020-11-01 14:33:32
294,Sapulpa,US,36.0,-96.11,53.6,50,1,6.93,clear sky,2020-11-01 14:33:32
295,Hvide Sande,DK,56.0,8.13,55.0,100,75,17.22,broken clouds,2020-11-01 14:33:32
296,Mombasa,KE,-4.05,39.66,84.2,66,20,8.05,few clouds,2020-11-01 14:30:03
297,Ust-Nera,RU,64.57,143.2,-13.5,80,43,4.0,scattered clouds,2020-11-01 14:33:32
298,Bhadrachalam,IN,17.67,80.88,74.55,78,0,1.52,clear sky,2020-11-01 14:33:32
299,Tiarei,PF,-17.53,-149.33,75.2,83,36,2.24,light rain,2020-11-01 14:33:32
300,Gogrial,SS,8.53,28.1,87.48,49,43,6.89,scattered clouds,2020-11-01 14:33:33
301,Van,TR,38.49,43.38,59.0,33,40,3.36,scattered clouds,2020-11-01 14:33:33
302,Shenzhen,CN,22.55,114.07,75.99,81,4,5.08,light rain,2020-11-01 14:33:22
303,Mazagao,BR,-0.12,-51.29,93.2,59,40,9.17,scattered clouds,2020-11-01 14:33:33
304,Kristiansund,NO,63.11,7.73,55.4,74,0,14.99,light rain,2020-11-01 14:33:33
305,Akdepe,TM,42.06,59.38,57.2,33,40,9.17,haze,2020-11-01 14:33:33
306,Khalkhal,IR,37.62,48.53,54.9,35,0,5.82,clear sky,2020-11-01 14:33:33
307,Piney Green,US,34.72,-77.32,73.0,73,90,3.36,overcast clouds,2020-11-01 14:33:33
308,Jacqueville,CI,5.21,-4.41,86.0,74,20,11.41,few clouds,2020-11-01 14:33:33
309,San Cristobal,VE,7.77,-72.22,77.0,94,75,2.24,moderate rain,2020-11-01 14:29:12
310,Lodwar,KE,3.12,35.6,92.88,27,56,16.89,broken clouds,2020-11-01 14:33:33
311,Pilar,BR,-9.6,-35.96,89.6,59,75,5.82,broken clouds,2020-11-01 14:33:33
312,Kharan,PK,28.58,65.42,56.53,28,0,3.31,clear sky,2020-11-01 14:33:33
313,Alta Floresta,BR,-9.88,-56.09,80.6,78,75,1.12,broken clouds,2020-11-01 14:33:33
314,Linxia,CN,35.6,103.21,39.56,66,42,1.3,scattered clouds,2020-11-01 14:33:34
315,Tual,ID,-5.67,132.75,84.67,77,77,16.96,broken clouds,2020-11-01 14:33:34
316,Carutapera,BR,-1.2,-46.02,89.01,54,92,7.67,overcast clouds,2020-11-01 14:33:34
317,Punta Cardon,VE,11.66,-70.22,85.39,66,100,5.86,overcast clouds,2020-11-01 14:33:34
318,Caravelas,BR,-17.71,-39.25,71.01,93,100,12.73,moderate rain,2020-11-01 14:33:11
319,Novouzensk,RU,50.46,48.14,47.86,57,57,8.63,broken clouds,2020-11-01 14:33:34
320,Lebu,CL,-37.62,-73.65,58.05,78,4,6.49,clear sky,2020-11-01 14:33:34
321,Saint-Francois,FR,46.42,3.91,66.99,59,0,2.24,clear sky,2020-11-01 14:33:34
322,Peleduy,RU,59.63,112.74,-0.11,90,0,3.27,clear sky,2020-11-01 14:33:34
323,Sokoni,TZ,-6.43,39.55,82.4,78,40,5.82,scattered clouds,2020-11-01 14:33:34
324,Laureles,US,26.11,-97.49,66.99,88,1,5.82,clear sky,2020-11-01 14:33:34
325,Zhongshu,CN,24.52,103.77,61.0,94,74,3.15,broken clouds,2020-11-01 14:33:34
326,Oranjestad,AW,12.52,-70.03,84.2,79,20,9.17,few clouds,2020-11-01 14:30:04
327,Pyu,MM,18.48,96.43,76.39,91,82,0.78,broken clouds,2020-11-01 14:33:34
328,Vieques,PR,18.43,-65.83,86.0,66,40,18.34,scattered clouds,2020-11-01 14:33:35
329,Santa Isabel,BR,-23.32,-46.22,62.6,82,90,5.82,overcast clouds,2020-11-01 14:33:35
330,Marystown,CA,47.17,-55.15,43.0,100,80,8.01,broken clouds,2020-11-01 14:33:35
331,Iquitos,PE,-3.75,-73.25,77.0,83,75,5.82,broken clouds,2020-11-01 14:33:35
332,Nikel,RU,69.41,30.22,32.0,90,75,26.4,broken clouds,2020-11-01 14:32:06
333,Mitsamiouli,KM,-11.38,43.28,78.44,72,89,4.0,overcast clouds,2020-11-01 14:33:35
334,Clinton,US,42.59,-82.92,44.6,71,20,18.34,few clouds,2020-11-01 14:32:54
335,Rawson,AR,-43.3,-65.1,85.37,14,0,8.57,clear sky,2020-11-01 14:33:35
336,Zhanaozen,KZ,43.3,52.8,62.51,25,3,11.72,clear sky,2020-11-01 14:33:35
337,Fare,PF,-16.7,-151.02,79.74,79,37,20.62,scattered clouds,2020-11-01 14:31:01
338,Beloha,MG,-25.17,45.05,71.51,69,0,18.9,clear sky,2020-11-01 14:33:35
339,Qaanaaq,GL,77.48,-69.36,0.59,76,0,7.05,clear sky,2020-11-01 14:29:56
340,Saint-Philippe,RE,-21.36,55.77,73.4,60,0,9.17,clear sky,2020-11-01 14:33:35
341,Muroto,JP,33.28,134.15,71.58,63,97,12.15,overcast clouds,2020-11-01 14:33:35
342,Novyy Urengoy,RU,66.08,76.63,31.37,97,98,20.49,overcast clouds,2020-11-01 14:33:35
343,Jiexiu,CN,37.02,111.91,49.62,43,0,6.02,clear sky,2020-11-01 14:29:32
344,Nanakuli,US,21.39,-158.15,71.6,88,1,4.7,clear sky,2020-11-01 14:33:36
345,Emba,KZ,48.83,58.14,50.02,45,2,5.86,clear sky,2020-11-01 14:33:36
346,Taman,RU,45.21,36.72,60.8,59,75,15.66,broken clouds,2020-11-01 14:33:36
347,Bandarbeyla,SO,9.49,50.81,78.31,75,0,18.95,clear sky,2020-11-01 14:33:36
348,Ayolas,PY,-27.4,-56.9,79.61,39,0,9.37,clear sky,2020-11-01 14:33:36
349,Yar-Sale,RU,66.83,70.83,32.76,96,100,18.03,overcast clouds,2020-11-01 14:33:36
350,Cidreira,BR,-30.18,-50.21,67.19,63,33,9.53,scattered clouds,2020-11-01 14:33:36
351,Iqaluit,CA,63.75,-68.51,6.8,84,20,5.82,few clouds,2020-11-01 14:29:40
352,Ballina,AU,-28.87,153.57,63.0,88,12,5.82,few clouds,2020-11-01 14:33:36
353,Prainha,BR,-1.8,-53.48,94.68,39,100,5.68,overcast clouds,2020-11-01 14:33:36
354,Hambantota,LK,6.12,81.12,80.67,81,3,13.47,light rain,2020-11-01 14:33:36
355,Baykit,RU,61.67,96.37,14.65,93,100,4.68,overcast clouds,2020-11-01 14:33:36
356,Hailey,US,43.52,-114.32,30.2,54,5,10.29,clear sky,2020-11-01 14:33:36
357,San-Pedro,CI,4.75,-6.64,82.58,75,97,8.48,light rain,2020-11-01 14:33:37
358,Abha,SA,18.22,42.51,69.8,64,20,9.17,few clouds,2020-11-01 14:33:37
359,Bereda,ES,43.27,-7.54,66.99,85,100,17.0,overcast clouds,2020-11-01 14:33:37
360,Spornoye,RU,50.84,37.29,48.2,93,90,4.47,overcast clouds,2020-11-01 14:33:37
361,Acajutla,SV,13.59,-89.83,78.8,61,0,3.36,clear sky,2020-11-01 14:33:37
362,Kaeo,NZ,-35.1,173.78,57.99,94,42,0.81,scattered clouds,2020-11-01 14:33:37
363,Pemberton,CA,50.32,-122.8,33.8,100,100,1.12,overcast clouds,2020-11-01 14:33:37
364,Mehamn,NO,71.04,27.85,38.86,83,90,13.91,overcast clouds,2020-11-01 14:33:37
365,Makat,KZ,47.65,53.35,59.47,32,100,9.15,overcast clouds,2020-11-01 14:33:37
366,Mareeba,AU,-17.0,145.43,72.0,88,75,1.12,broken clouds,2020-11-01 14:29:55
367,Saint-Georges,GD,12.06,-61.75,82.4,83,75,18.34,light rain,2020-11-01 14:33:37
368,Lagunas,PE,-5.23,-75.68,85.89,50,78,5.79,broken clouds,2020-11-01 14:33:37
369,Nabire,ID,-3.37,135.48,77.61,87,100,3.31,overcast clouds,2020-11-01 14:33:37
370,Barquisimeto,VE,10.07,-69.32,71.6,100,72,2.24,light rain,2020-11-01 14:30:32
371,Yertsevo,RU,60.8,40.09,28.04,97,0,1.97,clear sky,2020-11-01 14:33:38
372,Imeni Poliny Osipenko,RU,52.42,136.49,33.78,98,100,7.07,light rain,2020-11-01 14:33:38
373,Altus,US,34.64,-99.33,42.8,81,1,6.93,clear sky,2020-11-01 14:33:38
374,Mujiayingzi,CN,42.12,118.78,31.46,66,0,7.47,clear sky,2020-11-01 14:33:38
375,Ahuimanu,US,21.44,-157.84,71.6,94,1,4.18,clear sky,2020-11-01 14:32:27
376,Mahibadhoo,MV,3.78,72.97,82.87,72,33,6.55,scattered clouds,2020-11-01 14:33:38
377,Brae,GB,60.4,-1.35,51.8,71,20,21.92,few clouds,2020-11-01 14:32:25
378,Tiznit,MA,29.58,-9.5,80.71,19,0,12.48,clear sky,2020-11-01 14:33:38
379,Goderich,CA,43.75,-81.72,44.6,74,94,20.8,overcast clouds,2020-11-01 14:32:34
380,Sabang,ID,5.89,95.32,82.27,77,97,15.23,overcast clouds,2020-11-01 14:33:38
381,Port Lincoln,AU,-34.73,135.87,62.65,74,53,13.24,broken clouds,2020-11-01 14:30:44
382,Salalah,OM,17.02,54.09,80.6,69,20,8.05,few clouds,2020-11-01 14:31:40
383,Saint-Pierre,RE,-21.34,55.48,73.4,60,0,9.17,clear sky,2020-11-01 14:32:09
384,Richards Bay,ZA,-28.78,32.04,64.45,82,100,6.82,overcast clouds,2020-11-01 14:33:38
385,Matara,LK,5.95,80.54,78.94,81,13,7.07,few clouds,2020-11-01 14:32:23
386,Sorland,NO,67.67,12.69,50.0,81,90,17.22,overcast clouds,2020-11-01 14:33:38
387,Mogadishu,SO,2.04,45.34,82.4,69,75,8.05,broken clouds,2020-11-01 14:31:21
388,Manta,EC,-0.95,-80.73,77.0,78,90,8.05,overcast clouds,2020-11-01 14:30:07
389,Zheleznodorozhnyy,RU,55.75,38.0,39.2,100,90,8.95,light rain,2020-11-01 14:33:39
390,Jacareacanga,BR,-6.22,-57.75,97.12,42,5,2.28,light rain,2020-11-01 14:33:39
391,Barra Patuca,HN,15.8,-84.28,80.28,85,100,12.64,moderate rain,2020-11-01 14:33:39
392,Joao Neiva,BR,-19.76,-40.39,75.2,64,40,11.41,scattered clouds,2020-11-01 14:33:39
393,Villamontes,BO,-21.25,-63.5,78.8,44,40,7.78,scattered clouds,2020-11-01 14:33:39
394,Kieta,PG,-6.22,155.63,79.56,72,0,1.88,clear sky,2020-11-01 14:33:39
395,Rosetta,EG,31.4,30.42,77.0,53,40,13.87,scattered clouds,2020-11-01 14:33:39
396,Acapulco,MX,16.86,-99.89,82.63,64,40,1.86,scattered clouds,2020-11-01 14:33:39
397,Xianyang,CN,34.34,108.7,54.0,81,0,2.24,clear sky,2020-11-01 14:33:39
398,Padang,ID,-0.95,100.35,79.43,71,100,3.33,overcast clouds,2020-11-01 14:33:39
399,Zhangye,CN,38.93,100.45,39.07,60,60,3.2,broken clouds,2020-11-01 14:33:39
400,Poso,ID,-1.4,120.75,84.0,71,100,4.61,overcast clouds,2020-11-01 14:33:39
401,Coahuayana,MX,18.73,-103.68,73.4,83,75,9.17,mist,2020-11-01 14:30:50
402,Inhambane,MZ,-23.86,35.38,82.4,54,75,9.17,broken clouds,2020-11-01 14:33:39
403,Nerchinsk,RU,51.98,116.58,21.42,88,88,7.52,overcast clouds,2020-11-01 14:33:39
404,Springville,US,40.17,-111.61,41.0,46,1,3.56,clear sky,2020-11-01 14:29:50
405,Rio Cuarto,AR,-33.13,-64.35,77.0,27,0,21.92,clear sky,2020-11-01 14:30:16
406,Zapolyarnyy,RU,69.42,30.81,32.0,92,75,26.4,broken clouds,2020-11-01 14:33:40
407,Kongolo,CD,-5.38,27.0,82.89,73,17,1.61,few clouds,2020-11-01 14:33:40
408,Bosaso,SO,11.28,49.18,82.4,74,40,18.34,scattered clouds,2020-11-01 14:33:40
409,Likasi,CD,-10.98,26.73,84.65,28,39,5.48,scattered clouds,2020-11-01 14:33:40
410,Tshikapa,CD,-6.42,20.8,86.2,65,20,2.08,light rain,2020-11-01 14:33:40
411,Bam,IR,29.11,58.36,58.59,29,0,3.09,clear sky,2020-11-01 14:33:40
412,Antofagasta,CL,-23.65,-70.4,71.01,72,75,9.17,broken clouds,2020-11-01 14:30:44
413,Half Moon Bay,US,37.46,-122.43,51.8,100,90,4.7,fog,2020-11-01 14:33:40
414,Poykovskiy,RU,61.23,73.33,32.0,96,75,11.18,light shower snow,2020-11-01 14:33:40
415,Kyren,RU,51.68,102.14,18.39,85,0,2.24,clear sky,2020-11-01 14:33:40
416,Luanda,AO,-8.84,13.23,80.6,78,75,10.29,broken clouds,2020-11-01 14:33:40
417,Taksimo,RU,56.34,114.88,9.03,84,29,3.36,scattered clouds,2020-11-01 14:33:40
418,Amudat,UG,1.95,34.95,83.35,30,88,14.2,overcast clouds,2020-11-01 14:33:40
419,Rodrigues Alves,BR,-7.74,-72.65,77.0,88,0,3.36,clear sky,2020-11-01 14:33:40
420,Nyimba,ZM,-14.56,30.81,88.66,28,88,4.7,overcast clouds,2020-11-01 14:33:41
421,Mabaruma,GY,8.2,-59.78,84.18,81,100,5.57,moderate rain,2020-11-01 14:33:41
422,Mayor Pablo Lagerenza,PY,-19.93,-60.77,89.26,28,28,9.35,scattered clouds,2020-11-01 14:33:41
423,Acuitzio,MX,20.34,-101.98,64.42,43,0,4.79,clear sky,2020-11-01 14:33:41
424,Umm Kaddadah,SD,13.6,26.69,93.34,14,0,15.93,clear sky,2020-11-01 14:33:41
425,Palmares Do Sul,BR,-30.26,-50.51,66.65,67,95,7.02,overcast clouds,2020-11-01 14:33:41
426,Taltal,CL,-25.4,-70.48,64.35,60,34,5.88,scattered clouds,2020-11-01 14:33:41
427,Carnarvon,AU,-24.87,113.63,68.0,68,75,16.11,broken clouds,2020-11-01 14:31:42
428,Beysehir,TR,37.68,31.72,54.86,56,30,12.35,scattered clouds,2020-11-01 14:33:41
429,Lieksa,FI,63.32,30.02,39.2,88,93,12.71,overcast clouds,2020-11-01 14:33:41
430,Vung Tau,VN,10.35,107.08,80.67,83,62,14.41,broken clouds,2020-11-01 14:33:41
431,Abu Dhabi,AE,24.47,54.37,84.2,66,0,9.17,clear sky,2020-11-01 14:33:42
432,Porto Velho,BR,-8.76,-63.9,77.0,94,75,2.24,broken clouds,2020-11-01 14:32:41
433,Porto Santo,PT,33.07,-16.34,71.6,83,20,10.29,few clouds,2020-11-01 14:33:42
434,Lahad Datu,MY,5.03,118.33,76.91,88,100,2.75,overcast clouds,2020-11-01 14:30:47
435,Bozoum,CF,6.32,16.38,83.68,66,61,4.59,broken clouds,2020-11-01 14:33:42
436,Bandrele,YT,-12.91,45.19,82.4,65,20,3.36,few clouds,2020-11-01 14:33:42
437,Tupik,RU,54.43,119.93,8.51,83,73,8.75,broken clouds,2020-11-01 14:33:42
438,Lajedo,BR,-8.66,-36.32,84.47,49,81,9.57,broken clouds,2020-11-01 14:33:42
439,Palmer,US,42.16,-72.33,46.99,80,75,11.03,broken clouds,2020-11-01 14:32:35
440,Pacific Grove,US,36.62,-121.92,53.6,76,1,3.36,clear sky,2020-11-01 14:33:42
441,Trelew,AR,-43.25,-65.31,90.36,12,0,12.88,clear sky,2020-11-01 14:29:00
442,Sibut,CF,5.72,19.07,83.64,73,49,2.73,light rain,2020-11-01 14:33:42
443,Ferentino,IT,41.7,13.26,61.0,80,17,1.92,few clouds,2020-11-01 14:33:42
444,Te Anau,NZ,-45.42,167.72,41.34,87,97,1.16,overcast clouds,2020-11-01 14:33:42
445,Armidale,AU,-30.52,151.65,50.0,80,22,1.01,few clouds,2020-11-01 14:33:42
446,Nueva Germania,PY,-23.9,-56.57,89.19,31,0,3.78,clear sky,2020-11-01 14:33:42
447,Komsomolskiy,UZ,40.43,71.72,48.2,29,2,4.7,haze,2020-11-01 14:33:43
448,Cherepovets,RU,59.13,37.9,28.4,86,20,2.24,few clouds,2020-11-01 14:33:43
449,Pemangkat,ID,1.17,108.97,81.1,79,100,5.32,overcast clouds,2020-11-01 14:33:43
450,La Verne,US,34.1,-117.77,66.2,17,42,3.36,scattered clouds,2020-11-01 14:29:23
451,Porto Seguro,BR,-16.45,-39.06,77.0,83,75,6.93,light rain,2020-11-01 14:28:52
452,Saint George,US,37.1,-113.58,44.6,26,1,3.36,clear sky,2020-11-01 14:30:16
453,Vaitape,PF,-16.52,-151.75,79.88,78,60,20.0,broken clouds,2020-11-01 14:33:43
454,Fairbanks,US,64.84,-147.72,1.99,83,1,1.88,clear sky,2020-11-01 14:30:08
455,Yambio,SS,4.57,28.4,76.98,88,58,4.05,moderate rain,2020-11-01 14:33:43
456,Harnosand,SE,62.63,17.94,46.4,93,100,19.46,overcast clouds,2020-11-01 14:33:43
457,Praia Da Vitoria,PT,38.73,-27.07,73.4,78,40,16.67,scattered clouds,2020-11-01 14:33:43
458,Bargarh,IN,21.33,83.62,76.96,66,0,2.17,clear sky,2020-11-01 14:33:43
459,Oranjemund,NA,-28.55,16.43,72.55,43,0,23.2,clear sky,2020-11-01 14:33:43
460,Rogers,US,36.37,-95.58,48.99,39,1,6.93,clear sky,2020-11-01 14:33:43
461,Srednekolymsk,RU,67.45,153.68,-1.34,93,77,7.31,broken clouds,2020-11-01 14:30:44
462,Najran,SA,17.49,44.13,80.6,18,0,10.29,clear sky,2020-11-01 14:30:31
463,Misratah,LY,32.38,15.09,72.32,53,0,10.51,clear sky,2020-11-01 14:33:44
464,Hoopstad,ZA,-27.83,25.91,59.79,77,69,11.52,light rain,2020-11-01 14:33:44
465,Kesan,TR,40.86,26.63,60.8,41,20,6.93,few clouds,2020-11-01 14:33:44
466,Neiafu,TO,-18.65,-173.98,75.2,94,90,11.41,overcast clouds,2020-11-01 14:33:44
467,Nouadhibou,MR,20.93,-17.03,93.2,20,83,6.93,sand,2020-11-01 14:33:44
468,Imamoglu,TR,37.27,35.66,80.6,42,40,3.36,scattered clouds,2020-11-01 14:33:44
469,Bengkulu,ID,-3.8,102.27,76.17,88,100,3.27,overcast clouds,2020-11-01 14:33:44
470,Hun,LY,29.13,15.95,74.46,37,60,10.29,broken clouds,2020-11-01 14:33:44
471,Vallenar,CL,-28.57,-70.76,77.65,18,0,6.55,clear sky,2020-11-01 14:33:44
472,Dunedin,NZ,-45.87,170.5,48.99,74,100,1.01,overcast clouds,2020-11-01 14:33:44
473,San Jose,US,37.34,-121.89,57.99,70,20,1.48,few clouds,2020-11-01 14:33:13
474,Nago,JP,26.59,127.98,73.4,88,1,4.7,clear sky,2020-11-01 14:33:44
475,Bairiki,KI,1.33,172.98,80.6,78,75,6.93,broken clouds,2020-11-01 14:33:44
476,Ancud,CL,-41.87,-73.82,66.0,59,0,4.7,clear sky,2020-11-01 14:33:44
477,Ulmeni,RO,47.47,23.3,53.6,66,20,6.93,few clouds,2020-11-01 14:33:44
478,Leh,IN,34.17,77.58,34.32,60,62,4.25,broken clouds,2020-11-01 14:33:44
479,Qarqin,AF,37.42,66.04,56.8,33,0,6.4,clear sky,2020-11-01 14:33:44
480,Mandalgovi,MN,45.76,106.27,19.44,83,0,5.46,clear sky,2020-11-01 14:33:45
481,Namatanai,PG,-3.67,152.43,80.65,81,81,5.53,light rain,2020-11-01 14:30:24
482,Esperance,AU,-33.87,121.9,60.8,93,90,8.05,light rain,2020-11-01 14:33:45
483,Lavrentiya,RU,65.58,-171.0,21.9,89,0,5.82,clear sky,2020-11-01 14:32:02
484,Karasuyama,JP,36.65,140.15,60.01,81,75,3.36,broken clouds,2020-11-01 14:33:45
485,Chunskiy,RU,56.08,99.63,21.81,81,85,4.32,overcast clouds,2020-11-01 14:33:45
486,Shorkot,PK,31.91,70.88,67.89,22,0,1.95,clear sky,2020-11-01 14:33:45
487,Rochegda,RU,62.8,43.25,29.14,96,2,4.56,clear sky,2020-11-01 14:33:45
488,Zhuhai,CN,22.28,113.57,77.0,73,0,8.05,clear sky,2020-11-01 14:33:45
489,El Prat De Llobregat,ES,41.33,2.09,73.0,82,0,17.22,clear sky,2020-11-01 14:33:45
490,Dingli,MT,35.86,14.38,71.6,68,20,10.29,few clouds,2020-11-01 14:33:45
491,Itarema,BR,-2.92,-39.92,89.47,54,27,16.22,scattered clouds,2020-11-01 14:33:45
492,Iwaki,JP,37.05,140.88,60.01,93,100,10.2,overcast clouds,2020-11-01 14:33:45
493,Shirokiy,RU,49.76,129.52,28.74,98,100,6.91,overcast clouds,2020-11-01 14:33:45
494,Pachperwa,IN,27.52,82.65,74.37,50,0,5.95,clear sky,2020-11-01 14:29:15
495,Mount Pleasant,US,32.79,-79.86,77.0,78,75,10.29,broken clouds,2020-11-01 14:33:45
496,Arman,RU,59.7,150.17,30.99,96,100,6.24,overcast clouds,2020-11-01 14:32:08
497,Les Cayes,HT,18.2,-73.75,82.2,77,100,4.34,overcast clouds,2020-11-01 14:33:46
498,Kabugao,PH,18.02,121.18,76.5,88,100,6.55,moderate rain,2020-11-01 14:33:46
499,Rio Gallegos,AR,-51.62,-69.22,60.8,51,0,11.41,clear sky,2020-11-01 14:33:46
500,Warah,PK,27.45,67.8,73.02,19,0,3.44,clear sky,2020-11-01 14:33:46
501,Chaman,PK,30.92,66.45,46.02,51,0,1.83,clear sky,2020-11-01 14:33:46
502,Zhukovka,RU,53.53,33.73,41.0,93,90,11.18,light rain,2020-11-01 14:32:06
503,Karagaylinskiy,RU,54.17,86.55,28.44,97,23,7.49,few clouds,2020-11-01 14:33:46
504,Kalmunai,LK,7.42,81.82,81.95,71,55,4.34,broken clouds,2020-11-01 14:33:46
505,North Branch,US,45.51,-92.98,28.99,71,64,8.01,broken clouds,2020-11-01 14:33:46
506,Ixtapa,MX,20.7,-105.2,80.01,85,1,2.1,clear sky,2020-11-01 14:31:25
507,Lubumbashi,CD,-11.66,27.48,84.58,26,59,6.93,broken clouds,2020-11-01 14:33:46
508,Maymyo,MM,22.03,96.47,80.6,83,75,2.24,broken clouds,2020-11-01 14:33:46
509,Pombia,IT,45.65,8.63,63.0,82,39,3.36,mist,2020-11-01 14:33:47
510,Virginia Beach,US,36.85,-75.98,64.99,72,90,6.93,overcast clouds,2020-11-01 14:33:47
511,Launceston,AU,-41.45,147.17,54.0,87,90,0.74,overcast clouds,2020-11-01 14:33:44
512,Soderhamn,SE,61.3,17.06,48.99,89,100,11.01,overcast clouds,2020-11-01 14:33:47
513,Tura,IN,25.52,90.22,71.76,94,53,3.15,broken clouds,2020-11-01 14:33:47
514,Qaqortoq,GL,60.72,-46.03,24.8,85,75,2.24,light snow,2020-11-01 14:29:06
515,Hassleholm,SE,56.16,13.77,55.4,82,90,5.82,overcast clouds,2020-11-01 14:33:47
516,Yumen,CN,40.28,97.2,38.19,65,0,8.75,clear sky,2020-11-01 14:33:47
517,Jaisalmer,IN,26.91,70.92,75.27,17,0,3.49,clear sky,2020-11-01 14:33:47
518,Mitchell,US,43.71,-98.03,30.2,68,1,6.93,clear sky,2020-11-01 14:29:40
519,Tevaitoa,PF,-16.78,-151.5,79.83,78,33,19.84,scattered clouds,2020-11-01 14:33:47
520,Katangli,RU,51.71,143.23,40.23,90,88,5.68,overcast clouds,2020-11-01 14:33:47
521,Panlaitan,PH,12.12,119.85,79.9,84,100,7.7,overcast clouds,2020-11-01 14:33:47
522,Kyabe,TD,9.45,18.94,87.51,50,54,5.99,light rain,2020-11-01 14:33:47
523,Sukumo,JP,32.93,132.73,64.69,86,94,4.12,moderate rain,2020-11-01 14:32:36
524,Kaabong,UG,3.48,34.15,76.98,41,83,12.28,broken clouds,2020-11-01 14:33:48
525,Marovoay,MG,-16.1,46.63,84.2,48,20,12.75,few clouds,2020-11-01 14:33:48
526,Pimentel,PE,-6.84,-79.93,66.2,72,40,8.05,scattered clouds,2020-11-01 14:33:48
527,Sanghar,PK,26.05,68.95,84.2,39,0,4.7,haze,2020-11-01 14:33:48
528,Kalinovskaya,RU,43.58,45.52,60.8,72,0,4.47,clear sky,2020-11-01 14:33:48
529,Jasper,US,37.2,-94.35,46.0,60,1,6.93,clear sky,2020-11-01 14:33:48
530,Saint-Esteve,FR,42.71,2.84,63.0,82,90,3.36,overcast clouds,2020-11-01 14:33:48
531,Siverek,TR,37.76,39.32,71.6,19,75,13.87,light rain,2020-11-01 14:33:48
532,Hannibal,US,39.71,-91.36,41.0,44,1,16.11,clear sky,2020-11-01 14:30:08
533,Yaroslavl,RU,57.63,39.87,37.4,88,90,6.71,overcast clouds,2020-11-01 14:33:48
534,Valparaiso,CL,-33.04,-71.63,55.99,100,90,4.7,fog,2020-11-01 14:33:48
535,Romny,UA,50.75,33.47,47.93,97,100,1.12,light rain,2020-11-01 14:33:48
536,Gornopravdinsk,RU,60.05,69.9,30.43,97,92,8.16,overcast clouds,2020-11-01 14:33:48
537,Bage,BR,-31.33,-54.11,68.0,45,40,8.05,scattered clouds,2020-11-01 14:33:48
538,Balancan,MX,17.8,-91.53,74.82,93,83,5.32,light rain,2020-11-01 14:33:48
539,Genhe,CN,50.78,121.52,13.73,90,100,7.38,overcast clouds,2020-11-01 14:30:24
540,Adana,TR,36.98,35.29,80.6,47,40,8.05,scattered clouds,2020-11-01 14:28:56
541,Jiuquan,CN,39.74,98.52,40.96,58,1,8.23,clear sky,2020-11-01 14:33:49
542,Umtata,ZA,-31.59,28.78,60.8,82,90,14.99,overcast clouds,2020-11-01 14:32:12
543,Kavaratti,IN,10.57,72.64,82.65,69,0,3.29,clear sky,2020-11-01 14:33:49
544,Ardakan,IR,32.31,54.02,78.8,10,0,4.16,clear sky,2020-11-01 14:33:49
545,Gat,IL,31.61,34.76,78.01,72,47,13.27,scattered clouds,2020-11-01 14:33:01
546,Aksu,CN,41.12,80.26,44.62,50,22,2.77,few clouds,2020-11-01 14:30:50
547,Redcliffe,AU,-27.23,153.1,71.6,73,0,6.93,clear sky,2020-11-01 14:33:49
548,Sovetsk,RU,55.08,21.88,45.97,86,0,8.1,clear sky,2020-11-01 14:33:49
549,Alyangula,AU,-13.85,136.42,69.8,73,24,4.21,few clouds,2020-11-01 14:33:49
550,Neijiang,CN,29.58,105.06,59.09,69,100,1.45,overcast clouds,2020-11-01 14:33:49
551,Kapuskasing,CA,49.42,-82.43,32.0,98,100,10.29,light rain,2020-11-01 14:33:49
552,Lucea,JM,18.45,-78.17,84.0,83,75,9.17,broken clouds,2020-11-01 14:33:49
553,Cajabamba,PE,-7.62,-78.05,66.33,25,82,3.06,broken clouds,2020-11-01 14:33:49
554,Ziro,IN,27.63,93.83,77.0,88,20,2.24,mist,2020-11-01 14:33:49
555,Chandpur,IN,29.15,78.27,70.05,23,0,5.61,clear sky,2020-11-01 14:33:50
556,Jalu,LY,29.03,21.55,75.81,34,0,10.38,clear sky,2020-11-01 14:33:50
557,Cocorit,MX,27.58,-109.97,64.4,59,75,4.47,broken clouds,2020-11-01 14:33:50
558,Santa Cruz,BO,-17.8,-63.17,86.0,20,20,21.92,few clouds,2020-11-01 14:30:03
559,Nikki,BJ,9.94,3.21,92.28,24,97,5.86,overcast clouds,2020-11-01 14:33:50
560,Jensen Beach,US,27.25,-80.23,82.99,74,40,12.75,scattered clouds,2020-11-01 14:33:50
561,Petersburg,US,37.23,-77.4,52.0,87,90,9.8,light intensity drizzle,2020-11-01 14:30:45
562,Mamlyutka,KZ,54.94,68.54,35.94,84,100,14.25,overcast clouds,2020-11-01 14:33:50
563,Buraydah,SA,26.33,43.98,87.8,22,0,2.24,clear sky,2020-11-01 14:33:50
564,Sokna,NO,60.24,9.92,48.0,95,80,1.01,moderate rain,2020-11-01 14:33:50
565,Oriximina,BR,-1.77,-55.87,96.08,35,11,4.32,few clouds,2020-11-01 14:33:50
566,Wuda,CN,39.5,106.71,37.83,62,0,4.63,clear sky,2020-11-01 14:33:50
567,Dorado,PR,18.46,-66.27,86.0,70,75,13.87,broken clouds,2020-11-01 14:29:17
568,Batagay-Alyta,RU,67.8,130.41,-5.03,89,99,1.9,overcast clouds,2020-11-01 14:33:50
569,Rudbar,AF,30.15,62.6,56.35,32,0,2.68,clear sky,2020-11-01 14:33:50
570,Klaksvik,FO,62.23,-6.59,44.6,93,60,6.93,light rain,2020-11-01 14:30:20
571,Poltar,SK,48.43,19.79,48.2,76,90,1.12,overcast clouds,2020-11-01 14:33:50
572,Havoysund,NO,71.0,24.66,39.2,78,0,31.09,clear sky,2020-11-01 14:33:51
573,Cabadiangan,PH,9.75,122.47,77.11,88,100,7.85,overcast clouds,2020-11-01 14:33:51
574,Jiwani,PK,25.05,61.74,77.07,53,0,14.9,clear sky,2020-11-01 14:33:51
575,Yulara,AU,-25.24,130.99,84.2,16,6,14.99,clear sky,2020-11-01 14:33:51
576,Fukuma,JP,33.77,130.47,66.2,72,90,2.24,overcast clouds,2020-11-01 14:33:51
577,Comodoro Rivadavia,AR,-45.87,-67.5,66.2,59,0,4.7,clear sky,2020-11-01 14:33:51
578,Batagay,RU,67.63,134.63,-12.1,88,99,4.12,overcast clouds,2020-11-01 14:33:51
579,Ambulu,ID,-8.35,113.61,76.78,87,45,3.38,scattered clouds,2020-11-01 14:33:51
580,Abilene,US,32.45,-99.73,50.0,87,1,6.93,clear sky,2020-11-01 14:33:51
581,Mahina,PF,-17.51,-149.49,75.2,83,14,2.24,few clouds,2020-11-01 14:33:51
582,Nome,US,64.5,-165.41,10.4,85,1,4.94,clear sky,2020-11-01 14:33:51
583,Fallon,US,39.47,-118.78,35.6,43,1,1.07,clear sky,2020-11-01 14:33:13
584,Vestmannaeyjar,IS,63.44,-20.27,39.2,80,0,20.8,clear sky,2020-11-01 14:33:51
585,Hajiganj,BD,23.25,90.86,74.55,95,100,4.88,overcast clouds,2020-11-01 14:33:52
586,Port Macquarie,AU,-31.43,152.92,64.0,68,69,1.99,broken clouds,2020-11-01 14:33:52
587,Suluq,LY,31.67,20.25,73.31,51,63,15.46,broken clouds,2020-11-01 14:33:52
588,Manggar,ID,-2.88,108.27,80.02,82,100,2.55,overcast clouds,2020-11-01 14:33:52
589,Fort Frances,CA,48.6,-93.4,21.2,62,75,13.87,broken clouds,2020-11-01 14:33:52
590,Tanggu,CN,39.02,117.65,46.4,49,19,4.12,few clouds,2020-11-01 14:33:52
591,Tsaratanana,MG,-16.78,47.65,84.78,25,19,1.86,few clouds,2020-11-01 14:33:52
592,Omsukchan,RU,62.53,155.8,10.76,92,3,5.91,clear sky,2020-11-01 14:33:52
593,Havelock,US,34.88,-76.9,72.0,80,91,5.99,overcast clouds,2020-11-01 14:33:52
594,Mananara,MG,-16.17,49.77,69.78,73,43,5.68,scattered clouds,2020-11-01 14:33:52
595,Almaznyy,RU,48.04,40.05,60.8,82,40,13.42,scattered clouds,2020-11-01 14:33:52
596,Portland,US,45.52,-122.68,44.01,93,1,3.0,clear sky,2020-11-01 14:33:01
597,Dubrovytsya,UA,51.57,26.57,44.94,85,29,5.37,scattered clouds,2020-11-01 14:33:52
598,Lambare,PY,-25.35,-57.61,82.4,45,0,5.82,clear sky,2020-11-01 14:33:52
599,Port Augusta,AU,-32.5,137.77,64.99,68,5,6.93,clear sky,2020-11-01 14:33:52
600,Nara,JP,34.69,135.8,62.01,60,83,3.67,broken clouds,2020-11-01 14:33:52
601,Broken Hill,AU,-31.95,141.43,62.6,55,0,5.82,clear sky,2020-11-01 14:33:52
602,Novominskaya,RU,46.32,38.96,59.7,76,82,10.71,moderate rain,2020-11-01 14:33:53
603,Sibolga,ID,1.74,98.78,77.43,81,100,2.8,moderate rain,2020-11-01 14:33:53
604,Kiunga,PG,-6.12,141.29,75.33,97,100,4.83,light rain,2020-11-01 14:33:53
605,Shonguy,RU,68.75,33.15,32.0,91,75,6.71,broken clouds,2020-11-01 14:33:53
606,Danjiangkou,CN,32.54,111.51,60.04,48,81,5.86,light rain,2020-11-01 14:33:53
607,Konya,TR,38.17,32.5,53.6,54,40,12.75,scattered clouds,2020-11-01 14:33:53
608,Elk Point,US,42.68,-96.68,33.01,70,92,8.01,overcast clouds,2020-11-01 14:33:53
609,Grindavik,IS,63.84,-22.43,41.0,86,20,13.87,few clouds,2020-11-01 14:33:53
610,Springbok,ZA,-29.66,17.89,83.41,16,0,20.04,clear sky,2020-11-01 14:33:53
611,Manado,ID,1.49,124.85,75.2,83,20,1.12,few clouds,2020-11-01 14:33:53
612,Jequitinhonha,BR,-16.43,-41.0,71.46,88,100,2.66,light rain,2020-11-01 14:33:53
613,Zeya,RU,53.75,127.27,23.11,88,100,10.02,overcast clouds,2020-11-01 14:33:53
614,Olinda,BR,-8.01,-34.86,86.0,66,40,10.29,scattered clouds,2020-11-01 14:33:53
615,Sao Jose Da Coroa Grande,BR,-8.9,-35.15,83.25,69,98,13.69,overcast clouds,2020-11-01 14:33:53
616,Trinidad,BO,-14.83,-64.9,82.4,37,16,13.87,few clouds,2020-11-01 14:28:54
617,Erenhot,CN,43.65,111.98,28.67,81,29,10.07,scattered clouds,2020-11-01 14:32:11
618,Tazovskiy,RU,67.47,78.7,25.79,98,100,16.8,light snow,2020-11-01 14:33:54
619,Marsh Harbour,BS,26.54,-77.06,81.28,80,3,13.98,clear sky,2020-11-01 14:32:17
620,Cajamar,BR,-23.35,-46.88,60.8,77,75,9.17,light intensity drizzle,2020-11-01 14:33:54
621,Maceio,BR,-9.67,-35.74,89.6,59,75,5.82,broken clouds,2020-11-01 14:29:14
622,Ikalamavony,MG,-21.15,46.58,76.91,44,79,11.3,broken clouds,2020-11-01 14:33:54
623,Morgan City,US,29.7,-91.21,64.0,87,1,4.7,clear sky,2020-11-01 14:33:54
624,Port Blair,IN,11.67,92.75,81.25,79,2,2.53,moderate rain,2020-11-01 14:33:54
625,Odweyne,SO,9.41,45.06,76.95,36,20,21.77,few clouds,2020-11-01 14:33:54
626,Gizo,SB,-8.1,156.84,83.01,76,59,4.21,moderate rain,2020-11-01 14:33:54
627,Galle,LK,6.04,80.22,80.24,78,29,6.73,scattered clouds,2020-11-01 14:33:32
628,Lata,PT,40.16,-8.33,75.99,64,77,6.08,broken clouds,2020-11-01 14:33:54
629,Humaita,BR,-7.51,-63.02,85.55,65,99,3.0,overcast clouds,2020-11-01 14:33:54
630,Verkhoyansk,RU,67.54,133.38,-9.11,88,93,2.98,overcast clouds,2020-11-01 14:33:54
631,Jalingo,NG,8.88,11.37,95.36,22,3,5.39,clear sky,2020-11-01 14:33:54
632,Guerrero Negro,MX,27.98,-114.06,70.07,61,0,1.7,clear sky,2020-11-01 14:33:54
633,Burgeo,CA,47.62,-57.62,41.04,68,94,15.59,overcast clouds,2020-11-01 14:32:13
634,Santo Domingo,DO,18.5,-69.99,84.2,79,40,6.93,scattered clouds,2020-11-01 14:32:37
635,Orotukan,RU,62.27,151.7,13.03,93,100,0.67,overcast clouds,2020-11-01 14:33:54
636,Macapa,BR,0.04,-51.07,93.2,59,40,9.17,scattered clouds,2020-11-01 14:29:42
637,Husavik,IS,66.04,-17.34,37.4,86,90,16.11,overcast clouds,2020-11-01 14:33:55
638,Waverly,US,42.74,-84.62,37.4,69,90,20.8,overcast clouds,2020-11-01 14:33:55
639,Iquique,CL,-20.22,-70.14,64.4,68,0,11.41,clear sky,2020-11-01 14:30:43
640,Ternate,ID,0.8,127.4,81.66,78,92,6.38,light rain,2020-11-01 14:33:55
641,Olga,RU,43.74,135.29,44.94,72,99,5.55,overcast clouds,2020-11-01 14:33:55
642,Sainte-Anne,GP,16.23,-61.37,82.4,83,89,12.75,overcast clouds,2020-11-01 14:33:55
643,Pampa,US,35.54,-100.96,41.0,75,1,3.36,clear sky,2020-11-01 14:33:55
644,Mana,GF,5.66,-53.78,87.98,60,100,9.69,overcast clouds,2020-11-01 14:33:55
645,Ponyri,RU,52.32,36.3,48.2,100,90,13.42,moderate rain,2020-11-01 14:33:55
646,Bastrop,US,32.76,-91.87,54.0,93,1,6.93,clear sky,2020-11-01 14:33:55
647,Alim,PH,9.56,122.49,78.93,86,100,11.23,light rain,2020-11-01 14:33:55
648,Kachiry,KZ,53.07,76.1,40.28,67,92,9.91,overcast clouds,2020-11-01 14:33:55
649,Fairmont,US,39.49,-80.14,55.99,76,93,1.01,light rain,2020-11-01 14:32:57
650,Chateaubelair,VC,13.28,-61.25,78.8,94,75,12.75,shower rain,2020-11-01 14:33:55
651,Abashiri,JP,44.02,144.27,54.0,70,100,10.0,overcast clouds,2020-11-01 14:33:55
652,Isangel,VU,-19.55,169.27,75.4,82,13,13.47,few clouds,2020-11-01 14:33:56
653,Ormstown,CA,45.13,-74.0,39.99,58,100,4.7,overcast clouds,2020-11-01 14:33:56
654,Quatre Cocos,MU,-20.21,57.76,73.4,56,40,12.75,scattered clouds,2020-11-01 14:33:56
655,Whitehorse,CA,60.72,-135.05,6.8,77,90,6.93,light snow,2020-11-01 14:30:05
656,Tazmalt,DZ,36.39,4.4,69.8,73,20,5.82,few clouds,2020-11-01 14:33:56
657,Matinhos,BR,-25.82,-48.54,64.4,67,75,8.05,broken clouds,2020-11-01 14:33:56
658,Northam,GB,51.03,-4.22,62.01,95,98,15.99,light rain,2020-11-01 14:33:56
659,Omboue,GA,-1.57,9.26,75.36,94,100,8.08,light rain,2020-11-01 14:33:56
660,Acacias,CO,3.99,-73.76,71.53,88,100,2.33,moderate rain,2020-11-01 14:29:43
661,Gornyy,RU,55.12,83.91,31.78,98,99,16.28,overcast clouds,2020-11-01 14:33:56
662,Miura,JP,35.14,139.62,62.6,59,75,5.82,broken clouds,2020-11-01 14:33:56
663,Trat,TH,12.5,102.5,77.5,90,100,4.65,overcast clouds,2020-11-01 14:33:56
664,Mantua,IT,45.17,10.78,59.0,93,100,5.01,overcast clouds,2020-11-01 14:33:56
665,Lichuan,CN,30.3,108.85,47.64,96,100,2.55,overcast clouds,2020-11-01 14:33:56
666,Tezu,IN,27.92,96.17,70.61,80,69,2.51,broken clouds,2020-11-01 14:33:57
667,Apache Junction,US,33.42,-111.55,68.0,31,75,8.05,broken clouds,2020-11-01 14:32:35
668,Nemuro,JP,43.32,145.57,55.54,81,100,20.13,light rain,2020-11-01 14:32:26
669,Baculin,PH,7.45,126.58,79.74,76,100,6.87,light rain,2020-11-01 14:33:57
670,Fort Nelson,CA,58.81,-122.7,15.8,85,75,8.05,broken clouds,2020-11-01 14:30:05
671,Tabou,CI,4.42,-7.35,81.86,76,79,8.88,light rain,2020-11-01 14:33:57
672,Chulym,RU,55.1,80.96,35.87,87,100,15.59,overcast clouds,2020-11-01 14:33:57
673,Maniitsoq,GL,65.42,-52.9,22.01,97,100,8.32,light snow,2020-11-01 14:33:57
674,Candido Mendes,BR,-1.45,-45.72,91.71,47,73,6.67,broken clouds,2020-11-01 14:33:57
675,Pagudpud,PH,18.56,120.79,79.27,85,100,21.45,overcast clouds,2020-11-01 14:33:57
676,Altamira,BR,-3.2,-52.21,89.6,59,75,8.05,broken clouds,2020-11-01 14:30:32
677,Mount Isa,AU,-20.73,139.5,78.8,13,0,11.41,clear sky,2020-11-01 14:33:57
678,Puerto Escondido,MX,15.85,-97.07,83.46,55,79,1.03,broken clouds,2020-11-01 14:33:57
679,Salekhard,RU,66.53,66.6,28.29,96,0,13.78,clear sky,2020-11-01 14:33:57
680,Moshi,TZ,-3.35,37.33,87.8,33,40,11.41,scattered clouds,2020-11-01 14:33:57
681,Payson,US,40.04,-111.73,41.0,44,1,2.66,clear sky,2020-11-01 14:33:58
682,Road Town,VG,18.42,-64.62,86.0,66,40,13.87,scattered clouds,2020-11-01 14:33:58
683,Annonay,FR,45.24,4.67,71.6,72,0,5.82,clear sky,2020-11-01 14:33:58
684,Nynashamn,SE,58.9,17.95,52.0,70,100,23.26,overcast clouds,2020-11-01 14:33:58
685,Fez,MA,34.04,-5.0,82.4,24,0,6.93,clear sky,2020-11-01 14:31:44
686,Roma,US,43.21,-75.46,46.0,70,90,12.75,overcast clouds,2020-11-01 14:30:58
687,Swift Current,CA,50.28,-107.8,30.2,74,1,12.75,clear sky,2020-11-01 14:33:58
688,Greece,US,43.21,-77.69,50.0,66,90,17.22,light rain,2020-11-01 14:33:58
689,Cockburn Town,TC,21.46,-71.14,84.2,66,40,12.75,scattered clouds,2020-11-01 14:33:58
690,Gigmoto,PH,13.78,124.39,78.94,73,100,4.47,overcast clouds,2020-11-01 14:33:58
691,Otradnyy,RU,53.38,51.35,42.15,83,2,11.12,clear sky,2020-11-01 14:33:58
692,La Paz,BO,-16.5,-68.15,57.2,47,40,6.93,scattered clouds,2020-11-01 14:29:40
693,Sao Miguel Do Tapuio,BR,-5.5,-41.32,94.12,41,72,2.08,broken clouds,2020-11-01 14:33:58
694,Hazorasp,UZ,41.32,61.07,59.0,30,0,6.93,clear sky,2020-11-01 14:33:58
695,Kerchevskiy,RU,59.95,56.29,27.9,96,49,3.83,scattered clouds,2020-11-01 14:33:58
696,Maloy,NO,61.94,5.11,50.0,81,75,26.4,moderate rain,2020-11-01 14:33:59
697,Chapada Dos Guimaraes,BR,-15.46,-55.75,86.0,51,0,6.93,clear sky,2020-11-01 14:33:59
698,Whitefish,US,48.41,-114.34,28.99,92,1,0.76,clear sky,2020-11-01 14:33:59
699,Margate,GB,51.38,1.39,61.0,82,73,10.0,broken clouds,2020-11-01 14:33:59
700,Nola,IT,40.92,14.53,66.2,59,75,3.36,broken clouds,2020-11-01 14:33:59
701,Thunder Bay,CA,48.4,-89.32,26.6,58,75,21.92,broken clouds,2020-11-01 14:29:22
702,Ambilobe,MG,-13.2,49.05,77.45,71,38,3.47,light rain,2020-11-01 14:33:59
